params_script,unused_param
params_uncertain.py,MODEL_LAT
params_uncertain.py,bin_process_ver
params_uncertain.py,iy_ts
params_uncertain.py,READ_RESTART
params_uncertain.py,stat_vs_ref
params_uncertain.py,site_fmin
params_uncertain.py,sufx
params_uncertain.py,site_fmid
params_uncertain.py,int_comps
params_uncertain.py,user_root
params_uncertain.py,hf_rv_sig_1
params_uncertain.py,hf_czero
params_uncertain.py,match_hf_comps
params_uncertain.py,wcc_prog_dir
params_uncertain.py,CENTER_ORIGIN
params_uncertain.py,bb_resume
params_uncertain.py,match_hf_flo
params_uncertain.py,ts_out_dir
params_uncertain.py,plot_ps_dir
params_uncertain.py,hf_accdir
params_uncertain.py,site_fhightop
params_uncertain.py,params_vel
params_uncertain.py,hf_sdrop
params_uncertain.py,lonlat_out
params_uncertain.py,hf_prefix
params_uncertain.py,hf_shal_rvfac
params_uncertain.py,vel_mod_dir
params_uncertain.py,site_fhigh
params_uncertain.py,ts_yz
params_uncertain.py,hf_slip
params_uncertain.py,hf_fmax
params_uncertain.py,hf_qfexp
params_uncertain.py,figures_dir
params_uncertain.py,plot_png_dir
params_uncertain.py,global_root
params_uncertain.py,hf_vs_moho
params_uncertain.py,tfilter_bin
params_uncertain.py,v_mod_1d_dir
params_uncertain.py,hf_mom
params_uncertain.py,MODEL_COORDS
params_uncertain.py,sim_dir
params_uncertain.py,lf_sim_root_dir
params_uncertain.py,hf_run_names
params_uncertain.py,dy_ts
params_uncertain.py,ts_file
params_uncertain.py,bb_dir
params_uncertain.py,vel_mod_params_dir
params_uncertain.py,run_name
params_uncertain.py,hf_v_model
params_uncertain.py,hf_veldir
params_uncertain.py,ts_out_prefix
params_uncertain.py,restart_dir
params_uncertain.py,dx_ts
params_uncertain.py,t_slice_dir
params_uncertain.py,slipout_dir
params_uncertain.py,log_dir
params_uncertain.py,match_log
params_uncertain.py,mgmt_db_location
params_uncertain.py,hf_rvfac
params_uncertain.py,MODELPARAMS
params_uncertain.py,tools_dir
params_uncertain.py,hf_fa_sig_1
params_uncertain.py,Y_BND
params_uncertain.py,run_dir
params_uncertain.py,DMOD
params_uncertain.py,hf_resume
params_uncertain.py,match_lf_fhi
params_uncertain.py,XYZ2LL_BIN
params_uncertain.py,getpeak_bin
params_uncertain.py,MODEL_LON
params_uncertain.py,bb_accdir
params_uncertain.py,bb_veldir
params_uncertain.py,hf_rayset
params_uncertain.py,ts_start
params_uncertain.py,ts_total
params_uncertain.py,MODEL_BOUNDS
params_uncertain.py,STATGRID_GEN
params_uncertain.py,SEISDIR
params_uncertain.py,match_lf_ord
params_uncertain.py,int_bin
params_uncertain.py,DUMP_ITINC
params_uncertain.py,match_hf_fhi
params_uncertain.py,MAX_STATFILE
params_uncertain.py,hf_seed
params_uncertain.py,srf_files
params_uncertain.py,dt_ts
params_uncertain.py,GRIDOUT
params_uncertain.py,stat_vs_est
params_uncertain.py,lf_sim_dir
params_uncertain.py,LL2GRID_BIN
params_uncertain.py,stat_coords
params_uncertain.py,user_scratch
params_uncertain.py,ts_inc
params_uncertain.py,X_BND_PAD
params_uncertain.py,match_lf_tstart
params_uncertain.py,site_vref_max
params_uncertain.py,RESTART_ITINC
params_uncertain.py,X_BND
params_uncertain.py,hf_rupv
params_uncertain.py,match_bin
params_uncertain.py,swap_bytes
params_uncertain.py,siteamp_bin
params_uncertain.py,STAT_FILES
params_uncertain.py,hf_deep_rvfac
params_uncertain.py,site_fmidbot
params_uncertain.py,GRIDFILE
params_uncertain.py,site_specific
params_uncertain.py,Y_BND_PAD
params_uncertain.py,parfile
params_uncertain.py,srf_dir
params_uncertain.py,match_hf_ord
params_uncertain.py,ts_xy
params_uncertain.py,hf_path_dur
params_uncertain.py,ts_xz
params_uncertain.py,iz_ts
params_uncertain.py,v_mod_1d_name
params_uncertain.py,match_lf_comps
params_uncertain.py,LONLAT_OUT
params_uncertain.py,GEN_ROCK_VS
params_uncertain.py,match_powersb
params_uncertain.py,match_hf_tstart
params_uncertain.py,nx
params_uncertain.py,nz
params_uncertain.py,n_proc
params_uncertain.py,hf_kappa
params_uncertain.py,SMOD
params_uncertain.py,site_amp_model
params_uncertain.py,node
params_uncertain.py,hf_slips
params_uncertain.py,sim_duration
params_uncertain.py,ENABLE_RESTART
params_uncertain.py,hf_sim_bin
params_uncertain.py,hf_dir
params_uncertain.py,site_flowcap
params_uncertain.py,ix_ts
params_uncertain.py,site_fmax
params_uncertain.py,GEOPROJ
params_uncertain.py,dz_ts
params_uncertain.py,match_lf_flo
params_uncertain.py,hf_calpha
params_uncertain.py,hf_t_len
params_uncertain.py,PMOD
params_uncertain.py,hf_site_amp
params_uncertain.py,FILELIST
params_uncertain.py,hf_dt
params_uncertain.py,ABSMAX
params_base.py,vel_mod_params_dir
params_base.py,stat_coords
params_base.py,srf_dir
params_base.py,figures_dir
params_vel.py,EXTENT_LATLON_SPACING
params_vel.py,iy_ts
params_vel.py,READ_RESTART
params_vel.py,site_fmin
params_vel.py,site_fmid
params_vel.py,NX
params_vel.py,EXTENT_Z_SPACING
params_vel.py,int_comps
params_vel.py,hf_rv_sig_1
params_vel.py,EXTENT_Y
params_vel.py,hf_czero
params_vel.py,match_hf_comps
params_vel.py,wcc_prog_dir
params_vel.py,bb_resume
params_vel.py,match_hf_flo
params_vel.py,vel_dir
params_vel.py,ts_out_dir
params_vel.py,plot_ps_dir
params_vel.py,hf_accdir
params_vel.py,site_fhightop
params_vel.py,TOPO_TYPE
params_vel.py,lonlat_out
params_vel.py,hf_prefix
params_vel.py,hf_shal_rvfac
params_vel.py,site_fhigh
params_vel.py,ts_yz
params_vel.py,MODEL_VERSION
params_vel.py,OUTPUT_DIR
params_vel.py,hf_fmax
params_vel.py,hf_qfexp
params_vel.py,plot_png_dir
params_vel.py,hf_vs_moho
params_vel.py,tfilter_bin
params_vel.py,hf_mom
params_vel.py,MIN_VS
params_vel.py,CODE
params_vel.py,hf_run_names
params_vel.py,dy_ts
params_vel.py,ts_file
params_vel.py,EXTENT_ZMAX
params_vel.py,hf_v_model
params_vel.py,hf_veldir
params_vel.py,ts_out_prefix
params_vel.py,restart_dir
params_vel.py,dx_ts
params_vel.py,scale
params_vel.py,t_slice_dir
params_vel.py,lf_vel_resume
params_vel.py,slipout_dir
params_vel.py,log_dir
params_vel.py,match_log
params_vel.py,hf_rvfac
params_vel.py,ORIGIN_ROT
params_vel.py,hf_fa_sig_1
params_vel.py,Y_BND
params_vel.py,DMOD
params_vel.py,hf_resume
params_vel.py,match_lf_fhi
params_vel.py,XYZ2LL_BIN
params_vel.py,ORIGIN_LON
params_vel.py,getpeak_bin
params_vel.py,bb_accdir
params_vel.py,bb_veldir
params_vel.py,hf_rayset
params_vel.py,ts_start
params_vel.py,ts_total
params_vel.py,STATGRID_GEN
params_vel.py,SEISDIR
params_vel.py,match_lf_ord
params_vel.py,int_bin
params_vel.py,DUMP_ITINC
params_vel.py,match_hf_fhi
params_vel.py,MAX_STATFILE
params_vel.py,TSTRT
params_vel.py,bin_output
params_vel.py,SUFX
params_vel.py,hf_seed
params_vel.py,SIM_DURATION
params_vel.py,dt_ts
params_vel.py,lf_sim_dir
params_vel.py,NY
params_vel.py,NZ
params_vel.py,LL2GRID_BIN
params_vel.py,user_scratch
params_vel.py,ts_inc
params_vel.py,X_BND_PAD
params_vel.py,match_lf_tstart
params_vel.py,site_vref_max
params_vel.py,RESTART_ITINC
params_vel.py,X_BND
params_vel.py,hf_rupv
params_vel.py,match_bin
params_vel.py,swap_bytes
params_vel.py,siteamp_bin
params_vel.py,EXTENT_X
params_vel.py,ORIGIN_LAT
params_vel.py,hf_deep_rvfac
params_vel.py,site_fmidbot
params_vel.py,site_specific
params_vel.py,Y_BND_PAD
params_vel.py,parfile
params_vel.py,match_hf_ord
params_vel.py,ts_xy
params_vel.py,hf_path_dur
params_vel.py,ts_xz
params_vel.py,iz_ts
params_vel.py,v_mod_1d_name
params_vel.py,match_lf_comps
params_vel.py,LONLAT_OUT
params_vel.py,GEN_ROCK_VS
params_vel.py,match_powersb
params_vel.py,match_hf_tstart
params_vel.py,SMOD
params_vel.py,site_amp_model
params_vel.py,node
params_vel.py,EXTENT_ZMIN
params_vel.py,ENABLE_RESTART
params_vel.py,hf_sim_bin
params_vel.py,site_flowcap
params_vel.py,ix_ts
params_vel.py,site_fmax
params_vel.py,dz_ts
params_vel.py,match_lf_flo
params_vel.py,hf_calpha
params_vel.py,hf_t_len
params_vel.py,PMOD
params_vel.py,hf_site_amp
params_vel.py,FILELIST
params_vel.py,ABSMAX
params_base_bb.py,MODEL_LAT
params_base_bb.py,params_vel
params_base_bb.py,lf_sim_root_dir
params_base_bb.py,MODEL_BOUNDS
params_base_bb.py,bin_process_ver
params_base_bb.py,hf_run_names
params_base_bb.py,bb_dir
params_base_bb.py,tools_dir
params_base_bb.py,vel_mod_params_dir
params_base_bb.py,run_name
params_base_bb.py,sim_duration
params_base_bb.py,sufx
params_base_bb.py,v_mod_1d_name
params_base_bb.py,srf_files
params_base_bb.py,user_root
params_base_bb.py,MODELPARAMS
params_base_bb.py,GRIDOUT
params_base_bb.py,nx
params_base_bb.py,version
params_base_bb.py,stat_coords
params_base_bb.py,hf_veldir
params_base_bb.py,MODEL_COORDS
params_base_bb.py,mgmt_db_location
params_base_bb.py,srf_dir
params_base_bb.py,STAT_FILES
params_base_bb.py,hf_slips
params_base_bb.py,MODEL_ROT
params_base_bb.py,hf_dir
params_base_bb.py,vel_mod_dir
params_base_bb.py,hh
params_base_bb.py,figures_dir
params_base_bb.py,global_root
params_base_bb.py,run_dir
params_base_bb.py,GRIDFILE
params_base_bb.py,v_mod_1d_dir
params_base_bb.py,MODEL_LON
params.py,iy_ts
params.py,READ_RESTART
params.py,int_comps
params.py,user_root
params.py,wcc_prog_dir
params.py,lonlat_out
params.py,vel_mod_dir
params.py,ts_yz
params.py,figures_dir
params.py,global_root
params.py,dy_ts
params.py,vel_mod_params_dir
params.py,dx_ts
params.py,mgmt_db_location
params.py,Y_BND
params.py,run_dir
params.py,DMOD
params.py,XYZ2LL_BIN
params.py,ts_start
params.py,ts_total
params.py,STATGRID_GEN
params.py,DUMP_ITINC
params.py,MAX_STATFILE
params.py,TSTRT
params.py,dt_ts
params.py,LL2GRID_BIN
params.py,stat_coords
params.py,user_scratch
params.py,ts_inc
params.py,X_BND_PAD
params.py,RESTART_ITINC
params.py,X_BND
params.py,swap_bytes
params.py,STAT_FILES
params.py,Y_BND_PAD
params.py,parfile
params.py,srf_dir
params.py,ts_xy
params.py,ts_xz
params.py,iz_ts
params.py,LONLAT_OUT
params.py,SMOD
params.py,node
params.py,ENABLE_RESTART
params.py,ix_ts
params.py,dz_ts
params.py,PMOD
params.py,FILELIST
params.py,ABSMAX
params_bb_uncertain.py,MODEL_LAT
params_bb_uncertain.py,params_vel
params_bb_uncertain.py,lf_sim_root_dir
params_bb_uncertain.py,MODEL_BOUNDS
params_bb_uncertain.py,bin_process_ver
params_bb_uncertain.py,bb_dir
params_bb_uncertain.py,tools_dir
params_bb_uncertain.py,vel_mod_params_dir
params_bb_uncertain.py,run_name
params_bb_uncertain.py,sim_duration
params_bb_uncertain.py,sufx
params_bb_uncertain.py,srf_files
params_bb_uncertain.py,user_root
params_bb_uncertain.py,MODELPARAMS
params_bb_uncertain.py,GRIDOUT
params_bb_uncertain.py,nx
params_bb_uncertain.py,version
params_bb_uncertain.py,stat_coords
params_bb_uncertain.py,hf_veldir
params_bb_uncertain.py,MODEL_COORDS
params_bb_uncertain.py,mgmt_db_location
params_bb_uncertain.py,srf_dir
params_bb_uncertain.py,STAT_FILES
params_bb_uncertain.py,hf_slips
params_bb_uncertain.py,MODEL_ROT
params_bb_uncertain.py,hf_dir
params_bb_uncertain.py,vel_mod_dir
params_bb_uncertain.py,hh
params_bb_uncertain.py,figures_dir
params_bb_uncertain.py,global_root
params_bb_uncertain.py,run_dir
params_bb_uncertain.py,GRIDFILE
params_bb_uncertain.py,v_mod_1d_dir
params_bb_uncertain.py,MODEL_LON
